url,status,error_message,title,perma_link
https://github.com/AlexWrightMastering/alexander-wright-archive/blob/main/Just%20in%20Case.txt,success,,alexander-wright-archive/Just in Case.txt at main · AlexWrightMastering/alexander-wright-archive · GitHub,https://perma.cc/F7JE-CB9X
https://musicbrainz.org/artist/be06831b-4f99-44de-995a-1713ed3bdcae,success,,Alexander Wright - MusicBrainz,https://perma.cc/5PUC-3G4Z
https://github.com/AlexWrightMastering/alexander-wright-archive/blob/main/Maya-Alex-and-Ozzy-in-Leavenworth.jpg,success,,alexander-wright-archive/Maya-Alex-and-Ozzy-in-Leavenworth.jpg at main · AlexWrightMastering/alexander-wright-archive · GitHub,https://perma.cc/LX9U-HTQK
https://github.com/AlexWrightMastering/alexander-wright-archive/blob/main/Phil-Sue-and-Alex-Wright-in-Leavenworth.jpg,success,,alexander-wright-archive/Phil-Sue-and-Alex-Wright-in-Leavenworth.jpg at main · AlexWrightMastering/alexander-wright-archive · GitHub,https://perma.cc/S47J-VRN9
https://github.com/AlexWrightMastering/alexander-wright-archive/blob/main/Ozzy-the-Aussidoodle-puppy.JPG,success,,alexander-wright-archive/Ozzy-the-Aussidoodle-puppy.JPG at main · AlexWrightMastering/alexander-wright-archive · GitHub,https://perma.cc/6FYS-CCYV
https://alexanderwright.com/s/sitemap.xml,success,,alexanderwright.com,https://perma.cc/LAM4-C889
https://jaxsta.com/profile/8bc573e3-8c3b-596f-b6cd-725e9d695a22/credits?view=tile,success,,Jaxsta | Official Music Credits,https://perma.cc/T4LD-V7JY
https://soundbetter.com/profiles/240939-alexander-wright?just_published=true,success,,Alexander Wright - Mastering Engineer - Seattle | SoundBetter,https://perma.cc/83WV-SWB3
https://music.youtube.com/playlist?list=PL2vfiPincQqrjY84CVBGaZPy_fX5FGTC7,success,,YouTube Music,https://perma.cc/445Z-ZR9Y
https://tidal.com/playlist/1cfd5fa3-13e0-4c26-87c6-4ec5cc94de41,success,,Alexander Wright Mastering,https://perma.cc/YZ9Q-X3BM
https://music.apple.com/us/playlist/alexander-wright-mastering/pl.u-0jLbIWlBl2P,success,,‎Alexander Wright Mastering by Alexander Wright - Apple Music,https://perma.cc/D955-9VRX
https://open.spotify.com/playlist/0joug8nUlFCKwEJGZXjXyM,success,,Alexander Wright Mastering - playlist by Alexander Wright | Spotify,https://perma.cc/4QU9-5SJT
https://alexanderwright.com/blog/why-mastering-feels-like-home,success,,A Quiet Life in Mastering: How Sound Became My Center | Alexander Wright Mastering,https://perma.cc/5UKK-9SRG
https://alexanderwright.com/blog/the-mastering-mind,success,,Tuned for Detail: A Neurodivergent Path to Mastering | Alexander Wright Mastering,https://perma.cc/BRN5-6HDD
https://alexanderwright.com/blog/ai-and-the-future-of-music,success,,"Music, Mastering, and Machines: How AI Is Changing the Creative Process | Alexander Wright Mastering",https://perma.cc/NHF7-S3ZM
https://alexanderwright.com/blog/human-mastering-over-ai,success,,Why AI Mastering Can’t Beat the Human Touch | Alexander Wright Mastering,https://perma.cc/R8VZ-ARHR
https://alexanderwright.com/blog/evolution-mastering,success,,The Evolution of Audio Mastering: From Analog to Digital | Alexander Wright Mastering,https://perma.cc/EXX8-M6YM
https://alexanderwright.com/blog/psychology-mastering,success,,Psychoacoustics in Mastering: Enhancing Listener Sound Perception | Alexander Wright Mastering,https://perma.cc/ERN6-QCX4
https://alexanderwright.com/blog/mastering-albums-vs-singles,success,,Album Mastering vs Single Mastering: Key Differences and Techniques | Alexander Wright Mastering,https://perma.cc/T3WE-VFYK
https://alexanderwright.com/blog/mastering-different-genres,success,,Mastering Music by Genre: A Guide to Tailored Techniques | Alexander Wright Mastering,https://perma.cc/U4QS-PM2B
https://alexanderwright.com/blog/reference-tracks-mastering,success,,The Role of Reference Tracks in Audio Mastering: Tips and Techniques | Alexander Wright Mastering,https://perma.cc/BX4T-EBQC
https://alexanderwright.com/blog/mastering-izotope-rx,success,,Mastering with iZotope RX: Balancing Restoration and Artistry | Alexander Wright Mastering,https://perma.cc/U9TV-ZZ96
https://alexanderwright.com/blog/audio-compression-mixing-mastering-techniques,success,,"Audio Compression Techniques: How to Get Punch, Warmth, and Clarity in Your Mix | Alexander Wright Mastering",https://perma.cc/H32Y-AVA9
https://alexanderwright.com/blog/lufs-loudness-normalization-explained,success,,What is LUFS? Loudness Normalization Explained for Streaming & Mastering | Alexander Wright Mastering,https://perma.cc/CPW2-GQSX
https://alexanderwright.com/blog/mastering-myths-debunked,success,,Mastering Myths Busted: Expert Insights from a Pro Audio Engineer | Alexander Wright Mastering,https://perma.cc/5NTH-GCPA
https://alexanderwright.com/blog/mastering-mistakes-how-avoid-them,success,,5 Mastering Mistakes to Avoid: Expert Audio Tips | Alexander Wright Mastering,https://perma.cc/3RWL-8ZML
https://alexanderwright.com/blog/mastering-budget-diy,success,,Budget-Friendly Mastering: DIY Techniques for Music Producers | Alexander Wright Mastering,https://perma.cc/JYY3-N4DG
https://alexanderwright.com/blog/master-bus-processing,success,,When to Use Master Bus Processing: A Guide for Music Producers | Alexander Wright Mastering,https://perma.cc/G3WD-YCJC
https://alexanderwright.com/blog/mastering-vs-mixing-differences,success,,Mastering vs Mixing: A Guide to Audio Post-Production Techniques | Alexander Wright Mastering,https://perma.cc/WN7U-NU4B
https://alexanderwright.com/blog/how-to-prepare-your-mix-for-mastering,success,,How to Prepare Your Mix for Mastering – A Guide for Engineers & Artists | Alexander Wright Mastering,https://perma.cc/B22J-DJVE
https://alexanderwright.com/blog,success,,"Blog | Alexander Wright Mastering | Insights, Tips & Mastering Philosophy",https://perma.cc/F583-8QFX
https://music.apple.com/us/album/the-blue-shore-of-silence/1465175553,success,,‎The Blue Shore of Silence - Album by Alexander Wright - Apple Music,https://perma.cc/HPJ4-LKFF
https://alexanderwright.bandcamp.com/album/it-will-always-be-night,success,,it/will/always/be/night | Alexander Wright,https://perma.cc/PWS3-FCR9
https://alexanderwright.com/press,success,,"Alexander Wright Press & Features | Mastering Engineer Interviews, Articles, Industry Recognition",https://perma.cc/99M9-ADDL
https://alexanderwright.com/balance-method,success,,The Wright Balance Method: A Mastering Philosophy | Alexander Wright,https://perma.cc/6VK9-PZ2U
https://alexanderwright.com/contact,success,,"Contact Alexander Wright | Get a Quote for Mastering Your Album, EP or Single",https://perma.cc/9WSF-ZDE4
https://alexanderwright.com/albums,success,,Albums & EPs Mastered by Alexander Wright | Seattle Mastering Engineer,https://perma.cc/Q8NT-CZPR
https://alexanderwright.com/albums/posh-chocolates-sweeter-stuff,success,,"Posh Chocolates - ""Sweeter Stuff"" EP | Alexander Wright Mastering",https://perma.cc/8MDM-2TLQ
https://alexanderwright.com/albums/andi-runner-up,success,,"Andi - ""Runner Up"" EP | Alexander Wright Mastering",https://perma.cc/A29B-FMB8
https://alexanderwright.com/albums/grandmaster-self-titled,success,,Grandmaster - “Grandmaster” album | Alexander Wright Mastering,https://perma.cc/DR53-CQZ7
https://alexanderwright.com/albums/marq-matchbox,success,,"marQ - ""Matchbox"" album | Alexander Wright Mastering",https://perma.cc/J5FS-CSJE
https://alexanderwright.com/credits,success,,"Credits & Discography | Albums, EPs & Singles Mastered by Alexander Wright",https://perma.cc/5XTN-PEH5
https://alexanderwright.com/faq,success,,Frequently Asked Questions | What Is Mastering? | How To Send Your Mix,https://perma.cc/T5YS-27WP
https://alexanderwright.com/about,success,,"About Alexander Wright | Mastering Engineer | Seattle, WA",https://perma.cc/29WC-HV8U
https://alexanderwright.com,success,,"Alexander Wright | Mastering Engineer, Seattle | Apple Certified",https://perma.cc/V59J-YMN7
https://alexanderwright.com/opening,success,,Opening | A Collection of Poems by Alexander Wright,https://perma.cc/SJE7-LEXU
https://www.blurb.com/b/9439364-opening,success,,Opening by Alexander Wright | Blurb Books,https://perma.cc/QK7E-UV6K
https://github.com/AlexWrightMastering/alexander-wright-archive/blob/main/alexander-wright-mastering-studio-seattle-scm45a-lynx-hilo-audeze.jpg,success,,alexander-wright-archive/alexander-wright-mastering-studio-seattle-scm45a-lynx-hilo-audeze.jpg at main · AlexWrightMastering/alexander-wright-archive · GitHub,https://perma.cc/VP5U-C63G
https://github.com/AlexWrightMastering/alexander-wright-archive/blob/main/alexander-wright-mastering-engineer-guitar-portrait.jpg,success,,alexander-wright-archive/alexander-wright-mastering-engineer-guitar-portrait.jpg at main · AlexWrightMastering/alexander-wright-archive · GitHub,https://perma.cc/A65Z-GJDT
https://github.com/AlexWrightMastering/alexander-wright-archive/blob/main/README.md,success,,alexander-wright-archive/README.md at main · AlexWrightMastering/alexander-wright-archive · GitHub,https://perma.cc/85VD-GEJN
https://github.com/AlexWrightMastering/alexander-wright-archive/blob/main/LICENSE.txt,success,,alexander-wright-archive/LICENSE.txt at main · AlexWrightMastering/alexander-wright-archive · GitHub,https://perma.cc/3ZG2-BCRN
https://github.com/AlexWrightMastering/alexander-wright-archive/blob/main/Alexander-Wright-Australian-American-mastering-engineer-author-headshot.jpg,success,,alexander-wright-archive/Alexander-Wright-Australian-American-mastering-engineer-author-headshot.jpg at main · AlexWrightMastering/alexander-wright-archive · GitHub,https://perma.cc/QG29-ANSC
https://github.com/AlexWrightMastering/alexander-wright-archive/blob/main/Alexander-Wright's-literary%20canon-reading%20list.txt,success,,alexander-wright-archive/Alexander-Wright's-literary canon-reading list.txt at main · AlexWrightMastering/alexander-wright-archive · GitHub,https://perma.cc/7DW8-8E5P
https://github.com/AlexWrightMastering/alexander-wright-archive/blob/main/Alexander-John-Wright-signature.png,success,,alexander-wright-archive/Alexander-John-Wright-signature.png at main · AlexWrightMastering/alexander-wright-archive · GitHub,https://perma.cc/FS5B-U59F
https://github.com/AlexWrightMastering/alexander-wright-archive/blob/main/Alex-and-Maya-Wright-wedding-day.jpg,success,,alexander-wright-archive/Alex-and-Maya-Wright-wedding-day.jpg at main · AlexWrightMastering/alexander-wright-archive · GitHub,https://perma.cc/4JG6-JLJC
https://github.com/AlexWrightMastering/alexander-wright-archive/blob/main/AWM-mastering-credits-071825.txt,success,,alexander-wright-archive/AWM-mastering-credits-071825.txt at main · AlexWrightMastering/alexander-wright-archive · GitHub,https://perma.cc/KGS4-MMSL
https://github.com/AlexWrightMastering/alexander-wright-archive/blob/main/AW-waveform-initials-logo-FCFCFD-SQ.png,success,,alexander-wright-archive/AW-waveform-initials-logo-FCFCFD-SQ.png at main · AlexWrightMastering/alexander-wright-archive · GitHub,https://perma.cc/E8UJ-8KJ5
https://alexanderwright.com/s/Wright-Balance-Method.pdf,success,,alexanderwright.com,https://perma.cc/6NN8-4AF6
https://alexanderwright.com/s/AWM-About-Your-Masters.pdf,success,,alexanderwright.com,https://perma.cc/VX2X-VEC6
https://alexanderwright.com/s/AWM-Rates-and-Process.pdf,success,,alexanderwright.com,https://perma.cc/G95Y-AYLT
https://alexwrightmastering.notion.site/Alexander-Wright-s-Mastering-Tools-Selected-Stack-2025-1fccb29b36af8186bec8f56d4067e35f,success,,Alexander Wright’s Mastering Tools (Selected Stack – 2025),https://perma.cc/2QFD-5LPX
https://sites.google.com/view/mastering-audio/gallery,success,,"Alexander Wright Mastering | Seattle, WA - Gallery",https://perma.cc/GFD2-CRPF
https://sites.google.com/view/mastering-audio/about-alex,success,,"Alexander Wright Mastering | Seattle, WA - About",https://perma.cc/B852-LKEM
https://sites.google.com/view/mastering-audio/home,success,,"Alexander Wright Mastering | Seattle, WA",https://perma.cc/PB9Z-F7AY
https://about.me/alexwrightmastering/,success,,"Alexander Wright - Seattle, Alexander Wright Mastering, Music Production and Engineering at, Berklee College of Music | about.me",https://perma.cc/GA7T-NEFY
https://www.instagram.com/alexwrightmastering/,success,,Login • Instagram,https://perma.cc/63VC-Z2Z7
https://www.linkedin.com/in/AlexWrightMastering/,success,,www.linkedin.com,https://perma.cc/KV4M-X7J3
https://credits.muso.ai/profile/6ebd5fa5-ecfd-2482-91c0-0e077017f5c1,success,,Alexander Wright,https://perma.cc/6VPN-JCBD
https://www.masteringcredits.com/profile/Alexander%20Wright,success,,Alexander Wright | Mastering Engineer,https://perma.cc/X36S-BPWH
https://sonicscoop.com/the-psychology-of-finalization-why-finishing-the-mix-feels-so-hard/,success,,The Psychology of Finalization: Why Finishing The Mix Feels So Hard — SonicScoop,https://perma.cc/SV9P-GX7A
https://www.production-expert.com/production-expert-1/top-5-common-mastering-mistakes-and-how-to-avoid-them,success,,Top 5 Common Mastering Mistakes and How to Avoid Them | Production Expert,https://perma.cc/E8WK-7DJS
https://www.production-expert.com/production-expert-1/mastering-for-different-genres-tailoring-your-approach,success,,Mastering for Different Genres: Tailoring Your Approach | Production Expert,https://perma.cc/AS75-DENZ
https://www.production-expert.com/production-expert-1/mastering-albums-vs-singles-whats-the-difference,success,,Mastering Albums vs Singles: What’s the Difference? | Production Expert,https://perma.cc/Q2U3-4A97
https://www.production-expert.com/production-expert-1/why-you-should-choose-human-mastering-over-ai-tools,success,,Why You Should Choose Human Mastering Over AI Tools | Production Expert,https://perma.cc/K4G3-TEDH
https://www.production-expert.com/author-bios/alex-wright,success,,Alexander Wright | Production Expert - Author Bios,https://perma.cc/6L93-D2RN
https://boldjourney.com/meet-alexander-wright/,success,,Meet Alexander Wright - Bold Journey Magazine,https://perma.cc/KX6V-K84Z
https://canvasrebel.com/meet-alexander-wright/,success,,Meet Alexander Wright – CanvasRebel Magazine,https://perma.cc/CM9P-RNGM
https://www.audeze.com/blogs/audeze-artists/audeze-catches-up-with-mastering-engineer-alexander-wright,success,,Audeze catches up with mastering engineer Alexander Wright,https://perma.cc/HU8S-47ZX
https://medium.com/@alexwrightmastering/i-dont-want-to-be-famous-c96e588d8896,success,,"I Don’t Want to Be Famous. Success Isn’t Always Loud | by Alexander Wright | Jul, 2025 | Medium",https://perma.cc/8CVB-MSKX
https://medium.com/@alexwrightmastering/kōdō-the-way-of-listening-a07159d47475,success,,"Kōdō: The Way of Listening. Listening beyond hearing. Touching the… | by Alexander Wright | Jul, 2025 | Medium",https://perma.cc/MDW7-4LWF
https://medium.com/@alexwrightmastering/there-is-no-such-thing-as-silence-what-sakamoto-and-cage-taught-me-about-sound-8f7802d0fd2f,success,,"There Is No Such Thing as Silence: What Sakamoto and Cage Taught Me About Sound | by Alexander Wright | Jul, 2025 | Medium",https://perma.cc/8NDL-PMDV
https://medium.com/@alexwrightmastering/why-i-made-my-smartphone-dumber-8c1106ef1f58,success,,"Why I Made My Smartphone Dumber. How grayscale, breathwork, and a few… | by Alexander Wright | Jul, 2025 | Medium",https://perma.cc/F5S3-DNUF
https://medium.com/@alexwrightmastering/my-life-in-albums-a-mastering-engineers-listening-diary-3430798b0450,success,,"My Life in Albums: A Mastering Engineer’s Listening Diary | by Alexander Wright | Jul, 2025 | Medium",https://perma.cc/JW5T-EP74
https://medium.com/@alexwrightmastering/ayam-on-vedic-meditation-and-the-unified-field-6f077fabf42c,success,,"AYAM: On Vedic Meditation and the Unified Field | by Alexander Wright | Jul, 2025 | Medium",https://perma.cc/R3UM-E8J7
https://medium.com/@alexwrightmastering,success,,Alexander Wright – Medium,https://perma.cc/C9CR-TX9E
https://github.com/AlexWrightMastering/alexander-wright-archive/blob/main/AW-waveform-initials-logo.png,success,,alexander-wright-archive/AW-waveform-initials-logo.png at main · AlexWrightMastering/alexander-wright-archive · GitHub,https://perma.cc/3GH7-UF7W
https://github.com/AlexWrightMastering/alexander-wright-archive/blob/main/Opening-final-042919.pdf,success,,alexander-wright-archive/Opening-final-042919.pdf at main · AlexWrightMastering/alexander-wright-archive · GitHub,https://perma.cc/9QWQ-ZP8T
https://github.com/AlexWrightMastering/alexander-wright-archive/blob/main/The-Mastering-Mind.txt,success,,alexander-wright-archive/The-Mastering-Mind.txt at main · AlexWrightMastering/alexander-wright-archive · GitHub,https://perma.cc/3PD9-DE6R
https://github.com/AlexWrightMastering/alexander-wright-archive/blob/main/Why-Mastering-Feels-Like-Home.txt,success,,alexander-wright-archive/Why-Mastering-Feels-Like-Home.txt at main · AlexWrightMastering/alexander-wright-archive · GitHub,https://perma.cc/SV4Y-5F7J
https://github.com/AlexWrightMastering/alexander-wright-archive/blob/main/The-Psychology-of-Finalization.txt,success,,alexander-wright-archive/The-Psychology-of-Finalization.txt at main · AlexWrightMastering/alexander-wright-archive · GitHub,https://perma.cc/NJ2T-UMLA
https://github.com/AlexWrightMastering/alexander-wright-archive/blob/main/The-Final-5-Percent.txt,success,,alexander-wright-archive/The-Final-5-Percent.txt at main · AlexWrightMastering/alexander-wright-archive · GitHub,https://perma.cc/X9GK-GCB4
https://github.com/AlexWrightMastering/alexander-wright-archive/blob/main/The-Wright-Balance-Method.pdf,success,,alexander-wright-archive/The-Wright-Balance-Method.pdf at main · AlexWrightMastering/alexander-wright-archive · GitHub,https://perma.cc/3MNL-DEW4
https://archive.org/details/alexander-wright-archive,success,,"Alexander Wright Digital Archive : Alexander John Wright : Free Download, Borrow, and Streaming : Internet Archive",https://perma.cc/HVS7-KN4W
https://github.com/AlexWrightMastering/alexander-wright-archive,success,,GitHub - AlexWrightMastering/alexander-wright-archive: A collection of essays and creative writing by Alexander Wright.,https://perma.cc/E3GS-GJDB
